Location,Arrow
K2-02-018-1,DOWN
K2-02-020-1,DOWN
K2-02-022-1,DOWN
K2-02-024-1,DOWN
K2-02-026-1,DOWN
K2-02-028-1,DOWN
K2-02-030-1,DOWN
K2-02-032-1,DOWN
K2-02-034-1,DOWN
K2-02-036-1,DOWN
K2-02-038-1,DOWN
K2-02-040-1,DOWN
K2-02-042-1,DOWN
K2-02-044-1,DOWN
K2-02-046-1,DOWN
K2-02-048-1,DOWN
K2-02-050-1,DOWN
K2-02-052-1,DOWN
K2-02-054-1,DOWN
K2-02-056-1,DOWN
K2-02-058-1,DOWN
K2-02-060-1,DOWN
K2-02-061-1,DOWN
K2-02-062-1,DOWN
K2-02-063-1,DOWN
K2-02-064-1,DOWN
K2-02-065-1,DOWN
K2-02-066-1,DOWN
K2-02-067-1,DOWN
K2-02-068-1,DOWN
K2-02-069-1,DOWN
K2-02-070-1,DOWN
K2-02-071-1,DOWN
K2-02-072-1,DOWN
K2-02-073-1,DOWN
K2-02-074-1,DOWN
K2-02-075-1,DOWN
K2-02-076-1,DOWN
K2-02-077-1,DOWN
K2-02-078-1,DOWN
K2-02-079-1,DOWN
K2-02-080-1,DOWN
K2-02-081-1,DOWN
K2-02-082-1,DOWN
K2-02-083-1,DOWN
K2-02-084-1,DOWN
K2-02-085-1,DOWN
K2-02-086-1,DOWN
K2-02-087-1,DOWN
K2-02-088-1,DOWN
K2-02-089-1,DOWN
K2-02-090-1,DOWN
K2-02-091-1,DOWN
K2-02-092-1,DOWN
K2-02-093-1,DOWN
K2-02-094-1,DOWN
K2-02-095-1,DOWN
K2-02-096-1,DOWN
K2-02-097-1,DOWN
K2-02-098-1,DOWN
K2-02-099-1,DOWN
K2-02-100-1,DOWN
K2-03-018-1,DOWN
K2-03-020-1,DOWN
K2-03-022-1,DOWN
K2-03-024-1,DOWN
K2-03-026-1,DOWN
K2-03-028-1,DOWN
K2-03-030-1,DOWN
K2-03-032-1,DOWN
K2-03-034-1,DOWN
K2-03-036-1,DOWN
K2-03-038-1,DOWN
K2-03-040-1,DOWN
K2-03-042-1,DOWN
K2-03-044-1,DOWN
K2-03-046-1,DOWN
K2-03-048-1,DOWN
K2-03-050-1,DOWN
K2-03-052-1,DOWN
K2-03-054-1,DOWN
K2-03-056-1,DOWN
K2-03-058-1,DOWN
K2-03-060-1,DOWN
K3-03-018-1,DOWN
K3-03-020-1,DOWN
K3-03-022-1,DOWN
K3-03-024-1,DOWN
K3-03-026-1,DOWN
K3-03-028-1,DOWN
K3-03-030-1,DOWN
K3-03-032-1,DOWN
K3-03-034-1,DOWN
K3-03-036-1,DOWN
K3-03-038-1,DOWN
K3-03-040-1,DOWN
K3-03-042-1,DOWN
K3-03-044-1,DOWN
K3-03-046-1,DOWN
K3-03-048-1,DOWN
K3-03-050-1,DOWN
K3-03-052-1,DOWN
K3-03-054-1,DOWN
K3-03-056-1,DOWN
K3-03-058-1,DOWN
K3-03-060-1,DOWN
K2-03-061-1,DOWN
K2-03-062-1,DOWN
K2-03-063-1,DOWN
K2-03-064-1,DOWN
K2-03-065-1,DOWN
K2-03-066-1,DOWN
K2-03-067-1,DOWN
K2-03-068-1,DOWN
K2-03-069-1,DOWN
K2-03-070-1,DOWN
K2-03-071-1,DOWN
K2-03-072-1,DOWN
K2-03-073-1,DOWN
K2-03-074-1,DOWN
K2-03-075-1,DOWN
K2-03-076-1,DOWN
K2-03-077-1,DOWN
K2-03-078-1,DOWN
K2-03-079-1,DOWN
K2-03-080-1,DOWN
K2-03-081-1,DOWN
K2-03-082-1,DOWN
K2-03-083-1,DOWN
K2-03-084-1,DOWN
K2-03-085-1,DOWN
K2-03-086-1,DOWN
K2-03-087-1,DOWN
K2-03-088-1,DOWN
K2-03-089-1,DOWN
K2-03-090-1,DOWN
K2-03-091-1,DOWN
K2-03-092-1,DOWN
K2-03-093-1,DOWN
K2-03-094-1,DOWN
K2-03-095-1,DOWN
K2-03-096-1,DOWN
K2-03-097-1,DOWN
K2-03-098-1,DOWN
K2-03-099-1,DOWN
K2-03-100-1,DOWN
K2-04-072-2,UP
K2-04-074-2,UP
K2-04-076-2,UP
K2-04-078-2,UP
K3-04-072-2,UP
K3-04-074-2,UP
K3-04-076-2,UP
K3-04-078-2,UP
K2-04-001-1,DOWN
P2-03-001-3,UP
P2-03-002-3,UP
P2-03-003-3,UP
P2-03-004-3,UP
P2-03-005-3,UP
P2-03-006-3,UP
P2-03-007-3,UP
P2-03-008-3,UP
P2-03-009-3,UP
P2-03-010-3,UP
P2-03-011-3,UP
P2-03-012-3,UP
P2-03-013-3,UP
P2-03-014-3,UP
P2-03-015-3,UP
P2-03-016-3,UP
P2-03-017-3,UP
P2-03-018-3,UP
P2-03-019-3,UP
P2-03-020-3,UP
P2-03-021-3,UP
P2-03-022-3,UP
P2-03-023-3,UP
P2-03-024-3,UP
P2-03-025-3,UP
P2-03-026-3,UP
P2-03-027-3,UP
P2-03-028-3,UP
P2-03-029-3,UP
P2-03-030-3,UP
P2-03-031-3,UP
P2-03-032-3,UP
P2-03-033-3,UP
P2-03-034-3,UP
P2-03-035-3,UP
P2-03-036-3,UP
P2-03-037-3,UP
P2-03-038-3,UP
P2-03-039-3,UP
P2-03-040-3,UP
P2-03-041-3,UP
P2-03-042-3,UP
P2-03-043-3,UP
P2-03-044-3,UP
P2-03-045-3,UP
P2-03-046-3,UP
P2-03-047-3,UP
P2-03-048-3,UP
P2-03-049-3,UP
P2-03-050-3,UP
P2-03-051-3,UP
P2-03-052-3,UP
P2-03-053-3,UP
P2-03-054-3,UP
P2-03-055-3,UP
P2-03-056-3,UP
P2-03-057-3,UP
P2-03-058-3,UP
P2-03-059-3,UP
P2-03-060-3,UP
P2-03-061-3,UP
P2-03-062-3,UP
P2-03-063-3,UP
P2-03-064-3,UP
P2-03-065-3,UP
P2-03-066-3,UP
P2-03-067-3,UP
P2-03-068-3,UP
P2-03-069-3,UP
P2-03-070-3,UP
P2-03-071-3,UP
P2-03-072-3,UP
P2-03-073-3,UP
P2-03-074-3,UP
P2-03-075-3,UP
P2-03-076-3,UP
P2-03-077-3,UP
P2-03-078-3,UP
P2-03-079-3,UP
P2-03-080-3,UP
P2-03-081-3,UP
P2-03-082-3,UP
P2-03-083-3,UP
P2-03-084-3,UP
P2-03-085-3,UP
P2-03-086-3,UP
P2-03-087-3,UP
P2-03-088-3,UP
P2-03-089-3,UP
P2-03-090-3,UP
P2-03-091-3,UP
P2-03-092-3,UP
P2-03-093-3,UP
P2-03-094-3,UP
P2-03-095-3,UP
P2-03-096-3,UP
P2-03-097-3,UP
P2-03-098-3,UP
P2-03-099-3,UP
P2-03-100-3,UP
P2-03-101-3,UP
P2-03-102-3,UP
P2-03-103-3,UP
P2-03-104-3,UP
P2-03-105-3,UP
P2-03-106-3,UP
P2-03-107-3,UP
P2-03-108-3,UP
P2-03-109-3,UP
P2-03-110-3,UP
P2-03-111-3,UP
P2-03-112-3,UP
P2-03-113-3,UP
P2-03-114-3,UP
P2-03-115-3,UP
P2-03-116-3,UP
